image_path,label
data/Classify/Earth\earth (1).jpg,Earth
data/Classify/Earth\earth (10).jpg,Earth
data/Classify/Earth\earth (100).jpg,Earth
data/Classify/Earth\earth (11).jpg,Earth
data/Classify/Earth\earth (12).jpg,Earth
data/Classify/Earth\earth (13).jpg,Earth
data/Classify/Earth\earth (14).jpg,Earth
data/Classify/Earth\earth (15).jpg,Earth
data/Classify/Earth\earth (16).jpg,Earth
data/Classify/Earth\earth (17).jpg,Earth
data/Classify/Earth\earth (18).jpg,Earth
data/Classify/Earth\earth (19).jpg,Earth
data/Classify/Earth\earth (2).jpg,Earth
data/Classify/Earth\earth (20).jpg,Earth
data/Classify/Earth\earth (21).jpg,Earth
data/Classify/Earth\earth (22).jpg,Earth
data/Classify/Earth\earth (23).jpg,Earth
data/Classify/Earth\earth (24).jpg,Earth
data/Classify/Earth\earth (25).jpg,Earth
data/Classify/Earth\earth (26).jpg,Earth
data/Classify/Earth\earth (27).jpg,Earth
data/Classify/Earth\earth (28).jpg,Earth
data/Classify/Earth\earth (29).jpg,Earth
data/Classify/Earth\earth (3).jpg,Earth
data/Classify/Earth\earth (30).jpg,Earth
data/Classify/Earth\earth (31).jpg,Earth
data/Classify/Earth\earth (32).jpg,Earth
data/Classify/Earth\earth (33).jpg,Earth
data/Classify/Earth\earth (34).jpg,Earth
data/Classify/Earth\earth (35).jpg,Earth
data/Classify/Earth\earth (36).jpg,Earth
data/Classify/Earth\earth (37).jpg,Earth
data/Classify/Earth\earth (38).jpg,Earth
data/Classify/Earth\earth (39).jpg,Earth
data/Classify/Earth\earth (4).jpg,Earth
data/Classify/Earth\earth (40).jpg,Earth
data/Classify/Earth\earth (41).jpg,Earth
data/Classify/Earth\earth (42).jpg,Earth
data/Classify/Earth\earth (43).jpg,Earth
data/Classify/Earth\earth (44).jpg,Earth
data/Classify/Earth\earth (45).jpg,Earth
data/Classify/Earth\earth (46).jpg,Earth
data/Classify/Earth\earth (47).jpg,Earth
data/Classify/Earth\earth (48).jpg,Earth
data/Classify/Earth\earth (49).jpg,Earth
data/Classify/Earth\earth (5).jpg,Earth
data/Classify/Earth\earth (50).jpg,Earth
data/Classify/Earth\earth (51).jpg,Earth
data/Classify/Earth\earth (52).jpg,Earth
data/Classify/Earth\earth (53).jpg,Earth
data/Classify/Earth\earth (54).jpg,Earth
data/Classify/Earth\earth (55).jpg,Earth
data/Classify/Earth\earth (56).jpg,Earth
data/Classify/Earth\earth (57).jpg,Earth
data/Classify/Earth\earth (58).jpg,Earth
data/Classify/Earth\earth (59).jpg,Earth
data/Classify/Earth\earth (6).jpg,Earth
data/Classify/Earth\earth (60).jpg,Earth
data/Classify/Earth\earth (61).jpg,Earth
data/Classify/Earth\earth (62).jpg,Earth
data/Classify/Earth\earth (63).jpg,Earth
data/Classify/Earth\earth (64).jpg,Earth
data/Classify/Earth\earth (65).jpg,Earth
data/Classify/Earth\earth (66).jpg,Earth
data/Classify/Earth\earth (67).jpg,Earth
data/Classify/Earth\earth (68).jpg,Earth
data/Classify/Earth\earth (69).jpg,Earth
data/Classify/Earth\earth (7).jpg,Earth
data/Classify/Earth\earth (70).jpg,Earth
data/Classify/Earth\earth (71).jpg,Earth
data/Classify/Earth\earth (72).jpg,Earth
data/Classify/Earth\earth (73).jpg,Earth
data/Classify/Earth\earth (74).jpg,Earth
data/Classify/Earth\earth (75).jpg,Earth
data/Classify/Earth\earth (76).jpg,Earth
data/Classify/Earth\earth (77).jpg,Earth
data/Classify/Earth\earth (78).jpg,Earth
data/Classify/Earth\earth (79).jpg,Earth
data/Classify/Earth\earth (8).jpg,Earth
data/Classify/Earth\earth (80).jpg,Earth
data/Classify/Earth\earth (81).jpg,Earth
data/Classify/Earth\earth (82).jpg,Earth
data/Classify/Earth\earth (83).jpg,Earth
data/Classify/Earth\earth (84).jpg,Earth
data/Classify/Earth\earth (85).jpg,Earth
data/Classify/Earth\earth (86).jpg,Earth
data/Classify/Earth\earth (87).jpg,Earth
data/Classify/Earth\earth (88).jpg,Earth
data/Classify/Earth\earth (89).jpg,Earth
data/Classify/Earth\earth (9).jpg,Earth
data/Classify/Earth\earth (90).jpg,Earth
data/Classify/Earth\earth (91).jpg,Earth
data/Classify/Earth\earth (92).jpg,Earth
data/Classify/Earth\earth (93).jpg,Earth
data/Classify/Earth\earth (94).jpg,Earth
data/Classify/Earth\earth (95).jpg,Earth
data/Classify/Earth\earth (96).jpg,Earth
data/Classify/Earth\earth (97).jpg,Earth
data/Classify/Earth\earth (98).jpg,Earth
data/Classify/Earth\earth (99).jpg,Earth
data/Classify/Earth with space\earth with space (1).jpg,Earth with space
data/Classify/Earth with space\earth with space (10).jpg,Earth with space
data/Classify/Earth with space\earth with space (11).jpg,Earth with space
data/Classify/Earth with space\earth with space (12).jpg,Earth with space
data/Classify/Earth with space\earth with space (13).jpg,Earth with space
data/Classify/Earth with space\earth with space (14).jpg,Earth with space
data/Classify/Earth with space\earth with space (15).jpg,Earth with space
data/Classify/Earth with space\earth with space (16).jpg,Earth with space
data/Classify/Earth with space\earth with space (17).jpg,Earth with space
data/Classify/Earth with space\earth with space (18).jpg,Earth with space
data/Classify/Earth with space\earth with space (19).jpg,Earth with space
data/Classify/Earth with space\earth with space (2).jpg,Earth with space
data/Classify/Earth with space\earth with space (20).jpg,Earth with space
data/Classify/Earth with space\earth with space (21).jpg,Earth with space
data/Classify/Earth with space\earth with space (22).jpg,Earth with space
data/Classify/Earth with space\earth with space (23).jpg,Earth with space
data/Classify/Earth with space\earth with space (24).jpg,Earth with space
data/Classify/Earth with space\earth with space (25).jpg,Earth with space
data/Classify/Earth with space\earth with space (26).jpg,Earth with space
data/Classify/Earth with space\earth with space (27).jpg,Earth with space
data/Classify/Earth with space\earth with space (28).jpg,Earth with space
data/Classify/Earth with space\earth with space (29).jpg,Earth with space
data/Classify/Earth with space\earth with space (3).jpg,Earth with space
data/Classify/Earth with space\earth with space (30).jpg,Earth with space
data/Classify/Earth with space\earth with space (31).jpg,Earth with space
data/Classify/Earth with space\earth with space (32).jpg,Earth with space
data/Classify/Earth with space\earth with space (33).jpg,Earth with space
data/Classify/Earth with space\earth with space (34).jpg,Earth with space
data/Classify/Earth with space\earth with space (35).jpg,Earth with space
data/Classify/Earth with space\earth with space (36).jpg,Earth with space
data/Classify/Earth with space\earth with space (37).jpg,Earth with space
data/Classify/Earth with space\earth with space (38).jpg,Earth with space
data/Classify/Earth with space\earth with space (39).jpg,Earth with space
data/Classify/Earth with space\earth with space (4).jpg,Earth with space
data/Classify/Earth with space\earth with space (40).jpg,Earth with space
data/Classify/Earth with space\earth with space (41).jpg,Earth with space
data/Classify/Earth with space\earth with space (42).jpg,Earth with space
data/Classify/Earth with space\earth with space (43).jpg,Earth with space
data/Classify/Earth with space\earth with space (44).jpg,Earth with space
data/Classify/Earth with space\earth with space (45).jpg,Earth with space
data/Classify/Earth with space\earth with space (46).jpg,Earth with space
data/Classify/Earth with space\earth with space (47).jpg,Earth with space
data/Classify/Earth with space\earth with space (48).jpg,Earth with space
data/Classify/Earth with space\earth with space (49).jpg,Earth with space
data/Classify/Earth with space\earth with space (5).jpg,Earth with space
data/Classify/Earth with space\earth with space (50).jpg,Earth with space
data/Classify/Earth with space\earth with space (51).jpg,Earth with space
data/Classify/Earth with space\earth with space (52).jpg,Earth with space
data/Classify/Earth with space\earth with space (53).jpg,Earth with space
data/Classify/Earth with space\earth with space (54).jpg,Earth with space
data/Classify/Earth with space\earth with space (55).jpg,Earth with space
data/Classify/Earth with space\earth with space (56).jpg,Earth with space
data/Classify/Earth with space\earth with space (57).jpg,Earth with space
data/Classify/Earth with space\earth with space (58).jpg,Earth with space
data/Classify/Earth with space\earth with space (59).jpg,Earth with space
data/Classify/Earth with space\earth with space (6).jpg,Earth with space
data/Classify/Earth with space\earth with space (60).jpg,Earth with space
data/Classify/Earth with space\earth with space (61).jpg,Earth with space
data/Classify/Earth with space\earth with space (62).jpg,Earth with space
data/Classify/Earth with space\earth with space (63).jpg,Earth with space
data/Classify/Earth with space\earth with space (64).jpg,Earth with space
data/Classify/Earth with space\earth with space (65).jpg,Earth with space
data/Classify/Earth with space\earth with space (66).jpg,Earth with space
data/Classify/Earth with space\earth with space (67).jpg,Earth with space
data/Classify/Earth with space\earth with space (68).jpg,Earth with space
data/Classify/Earth with space\earth with space (69).jpg,Earth with space
data/Classify/Earth with space\earth with space (7).jpg,Earth with space
data/Classify/Earth with space\earth with space (70).jpg,Earth with space
data/Classify/Earth with space\earth with space (71).jpg,Earth with space
data/Classify/Earth with space\earth with space (72).jpg,Earth with space
data/Classify/Earth with space\earth with space (73).jpg,Earth with space
data/Classify/Earth with space\earth with space (74).jpg,Earth with space
data/Classify/Earth with space\earth with space (75).jpg,Earth with space
data/Classify/Earth with space\earth with space (76).jpg,Earth with space
data/Classify/Earth with space\earth with space (77).jpg,Earth with space
data/Classify/Earth with space\earth with space (78).jpg,Earth with space
data/Classify/Earth with space\earth with space (79).jpg,Earth with space
data/Classify/Earth with space\earth with space (8).jpg,Earth with space
data/Classify/Earth with space\earth with space (80).jpg,Earth with space
data/Classify/Earth with space\earth with space (81).jpg,Earth with space
data/Classify/Earth with space\earth with space (82).jpg,Earth with space
data/Classify/Earth with space\earth with space (83).jpg,Earth with space
data/Classify/Earth with space\earth with space (84).jpg,Earth with space
data/Classify/Earth with space\earth with space (85).jpg,Earth with space
data/Classify/Earth with space\earth with space (86).jpg,Earth with space
data/Classify/Earth with space\earth with space (87).jpg,Earth with space
data/Classify/Earth with space\earth with space (88).jpg,Earth with space
data/Classify/Earth with space\earth with space (89).jpg,Earth with space
data/Classify/Earth with space\earth with space (9).jpg,Earth with space
data/Classify/Earth with space\earth with space (90).jpg,Earth with space
data/Classify/Earth with space\earth with space (91).jpg,Earth with space
data/Classify/Earth with light city\earth with light city (1).jpg,Earth with light city
data/Classify/Earth with light city\earth with light city (10).jpg,Earth with light city
data/Classify/Earth with light city\earth with light city (100).jpg,Earth with light city
data/Classify/Earth with light city\earth with light city (101).jpg,Earth with light city
data/Classify/Earth with light city\earth with light city (102).jpg,Earth with light city
data/Classify/Earth with light city\earth with light city (103).jpg,Earth with light city
data/Classify/Earth with light city\earth with light city (104).jpg,Earth with light city
data/Classify/Earth with light city\earth with light city (105).jpg,Earth with light city
data/Classify/Earth with light city\earth with light city (106).jpg,Earth with light city
data/Classify/Earth with light city\earth with light city (107).jpg,Earth with light city
data/Classify/Earth with light city\earth with light city (108).jpg,Earth with light city
data/Classify/Earth with light city\earth with light city (11).jpg,Earth with light city
data/Classify/Earth with light city\earth with light city (12).jpg,Earth with light city
data/Classify/Earth with light city\earth with light city (13).jpg,Earth with light city
data/Classify/Earth with light city\earth with light city (14).jpg,Earth with light city
data/Classify/Earth with light city\earth with light city (15).jpg,Earth with light city
data/Classify/Earth with light city\earth with light city (16).jpg,Earth with light city
data/Classify/Earth with light city\earth with light city (17).jpg,Earth with light city
data/Classify/Earth with light city\earth with light city (18).jpg,Earth with light city
data/Classify/Earth with light city\earth with light city (19).jpg,Earth with light city
data/Classify/Earth with light city\earth with light city (2).jpg,Earth with light city
data/Classify/Earth with light city\earth with light city (20).jpg,Earth with light city
data/Classify/Earth with light city\earth with light city (21).jpg,Earth with light city
data/Classify/Earth with light city\earth with light city (22).jpg,Earth with light city
data/Classify/Earth with light city\earth with light city (23).jpg,Earth with light city
data/Classify/Earth with light city\earth with light city (24).jpg,Earth with light city
data/Classify/Earth with light city\earth with light city (25).jpg,Earth with light city
data/Classify/Earth with light city\earth with light city (26).jpg,Earth with light city
data/Classify/Earth with light city\earth with light city (27).jpg,Earth with light city
data/Classify/Earth with light city\earth with light city (28).jpg,Earth with light city
data/Classify/Earth with light city\earth with light city (29).jpg,Earth with light city
data/Classify/Earth with light city\earth with light city (3).jpg,Earth with light city
data/Classify/Earth with light city\earth with light city (30).jpg,Earth with light city
data/Classify/Earth with light city\earth with light city (31).jpg,Earth with light city
data/Classify/Earth with light city\earth with light city (32).jpg,Earth with light city
data/Classify/Earth with light city\earth with light city (33).jpg,Earth with light city
data/Classify/Earth with light city\earth with light city (34).jpg,Earth with light city
data/Classify/Earth with light city\earth with light city (35).jpg,Earth with light city
data/Classify/Earth with light city\earth with light city (36).jpg,Earth with light city
data/Classify/Earth with light city\earth with light city (37).jpg,Earth with light city
data/Classify/Earth with light city\earth with light city (38).jpg,Earth with light city
data/Classify/Earth with light city\earth with light city (39).jpg,Earth with light city
data/Classify/Earth with light city\earth with light city (4).jpg,Earth with light city
data/Classify/Earth with light city\earth with light city (40).jpg,Earth with light city
data/Classify/Earth with light city\earth with light city (41).jpg,Earth with light city
data/Classify/Earth with light city\earth with light city (42).jpg,Earth with light city
data/Classify/Earth with light city\earth with light city (43).jpg,Earth with light city
data/Classify/Earth with light city\earth with light city (44).jpg,Earth with light city
data/Classify/Earth with light city\earth with light city (45).jpg,Earth with light city
data/Classify/Earth with light city\earth with light city (46).jpg,Earth with light city
data/Classify/Earth with light city\earth with light city (47).jpg,Earth with light city
data/Classify/Earth with light city\earth with light city (48).jpg,Earth with light city
data/Classify/Earth with light city\earth with light city (49).jpg,Earth with light city
data/Classify/Earth with light city\earth with light city (5).jpg,Earth with light city
data/Classify/Earth with light city\earth with light city (50).jpg,Earth with light city
data/Classify/Earth with light city\earth with light city (51).jpg,Earth with light city
data/Classify/Earth with light city\earth with light city (52).jpg,Earth with light city
data/Classify/Earth with light city\earth with light city (53).jpg,Earth with light city
data/Classify/Earth with light city\earth with light city (54).jpg,Earth with light city
data/Classify/Earth with light city\earth with light city (55).jpg,Earth with light city
data/Classify/Earth with light city\earth with light city (56).jpg,Earth with light city
data/Classify/Earth with light city\earth with light city (57).jpg,Earth with light city
data/Classify/Earth with light city\earth with light city (58).jpg,Earth with light city
data/Classify/Earth with light city\earth with light city (59).jpg,Earth with light city
data/Classify/Earth with light city\earth with light city (6).jpg,Earth with light city
data/Classify/Earth with light city\earth with light city (60).jpg,Earth with light city
data/Classify/Earth with light city\earth with light city (61).jpg,Earth with light city
data/Classify/Earth with light city\earth with light city (62).jpg,Earth with light city
data/Classify/Earth with light city\earth with light city (63).jpg,Earth with light city
data/Classify/Earth with light city\earth with light city (64).jpg,Earth with light city
data/Classify/Earth with light city\earth with light city (65).jpg,Earth with light city
data/Classify/Earth with light city\earth with light city (66).jpg,Earth with light city
data/Classify/Earth with light city\earth with light city (67).jpg,Earth with light city
data/Classify/Earth with light city\earth with light city (68).jpg,Earth with light city
data/Classify/Earth with light city\earth with light city (69).jpg,Earth with light city
data/Classify/Earth with light city\earth with light city (7).jpg,Earth with light city
data/Classify/Earth with light city\earth with light city (70).jpg,Earth with light city
data/Classify/Earth with light city\earth with light city (71).jpg,Earth with light city
data/Classify/Earth with light city\earth with light city (72).jpg,Earth with light city
data/Classify/Earth with light city\earth with light city (73).jpg,Earth with light city
data/Classify/Earth with light city\earth with light city (74).jpg,Earth with light city
data/Classify/Earth with light city\earth with light city (75).jpg,Earth with light city
data/Classify/Earth with light city\earth with light city (76).jpg,Earth with light city
data/Classify/Earth with light city\earth with light city (77).jpg,Earth with light city
data/Classify/Earth with light city\earth with light city (78).jpg,Earth with light city
data/Classify/Earth with light city\earth with light city (79).jpg,Earth with light city
data/Classify/Earth with light city\earth with light city (8).jpg,Earth with light city
data/Classify/Earth with light city\earth with light city (80).jpg,Earth with light city
data/Classify/Earth with light city\earth with light city (81).jpg,Earth with light city
data/Classify/Earth with light city\earth with light city (82).jpg,Earth with light city
data/Classify/Earth with light city\earth with light city (83).jpg,Earth with light city
data/Classify/Earth with light city\earth with light city (84).jpg,Earth with light city
data/Classify/Earth with light city\earth with light city (85).jpg,Earth with light city
data/Classify/Earth with light city\earth with light city (86).jpg,Earth with light city
data/Classify/Earth with light city\earth with light city (87).jpg,Earth with light city
data/Classify/Earth with light city\earth with light city (88).jpg,Earth with light city
data/Classify/Earth with light city\earth with light city (89).jpg,Earth with light city
data/Classify/Earth with light city\earth with light city (9).jpg,Earth with light city
data/Classify/Earth with light city\earth with light city (90).jpg,Earth with light city
data/Classify/Earth with light city\earth with light city (91).jpg,Earth with light city
data/Classify/Earth with light city\earth with light city (92).jpg,Earth with light city
data/Classify/Earth with light city\earth with light city (93).jpg,Earth with light city
data/Classify/Earth with light city\earth with light city (94).jpg,Earth with light city
data/Classify/Earth with light city\earth with light city (95).jpg,Earth with light city
data/Classify/Earth with light city\earth with light city (96).jpg,Earth with light city
data/Classify/Earth with light city\earth with light city (97).jpg,Earth with light city
data/Classify/Earth with light city\earth with light city (98).jpg,Earth with light city
data/Classify/Earth with light city\earth with light city (99).jpg,Earth with light city
data/Classify/Star\star (1).jpg,Star
data/Classify/Star\star (10).jpg,Star
data/Classify/Star\star (11).jpg,Star
data/Classify/Star\star (12).jpg,Star
data/Classify/Star\star (13).jpg,Star
data/Classify/Star\star (14).jpg,Star
data/Classify/Star\star (15).jpg,Star
data/Classify/Star\star (16).jpg,Star
data/Classify/Star\star (17).jpg,Star
data/Classify/Star\star (18).jpg,Star
data/Classify/Star\star (19).jpg,Star
data/Classify/Star\star (2).jpg,Star
data/Classify/Star\star (20).jpg,Star
data/Classify/Star\star (21).jpg,Star
data/Classify/Star\star (22).jpg,Star
data/Classify/Star\star (23).jpg,Star
data/Classify/Star\star (24).jpg,Star
data/Classify/Star\star (25).jpg,Star
data/Classify/Star\star (26).jpg,Star
data/Classify/Star\star (27).jpg,Star
data/Classify/Star\star (28).jpg,Star
data/Classify/Star\star (29).jpg,Star
data/Classify/Star\star (3).jpg,Star
data/Classify/Star\star (30).jpg,Star
data/Classify/Star\star (31).jpg,Star
data/Classify/Star\star (32).jpg,Star
data/Classify/Star\star (33).jpg,Star
data/Classify/Star\star (34).jpg,Star
data/Classify/Star\star (35).jpg,Star
data/Classify/Star\star (36).jpg,Star
data/Classify/Star\star (37).jpg,Star
data/Classify/Star\star (38).jpg,Star
data/Classify/Star\star (39).jpg,Star
data/Classify/Star\star (4).jpg,Star
data/Classify/Star\star (40).jpg,Star
data/Classify/Star\star (41).jpg,Star
data/Classify/Star\star (42).jpg,Star
data/Classify/Star\star (43).jpg,Star
data/Classify/Star\star (44).jpg,Star
data/Classify/Star\star (45).jpg,Star
data/Classify/Star\star (46).jpg,Star
data/Classify/Star\star (47).jpg,Star
data/Classify/Star\star (48).jpg,Star
data/Classify/Star\star (49).jpg,Star
data/Classify/Star\star (5).jpg,Star
data/Classify/Star\star (50).jpg,Star
data/Classify/Star\star (51).jpg,Star
data/Classify/Star\star (52).jpg,Star
data/Classify/Star\star (53).jpg,Star
data/Classify/Star\star (54).jpg,Star
data/Classify/Star\star (55).jpg,Star
data/Classify/Star\star (56).jpg,Star
data/Classify/Star\star (57).jpg,Star
data/Classify/Star\star (58).jpg,Star
data/Classify/Star\star (59).jpg,Star
data/Classify/Star\star (6).jpg,Star
data/Classify/Star\star (60).jpg,Star
data/Classify/Star\star (61).jpg,Star
data/Classify/Star\star (62).jpg,Star
data/Classify/Star\star (63).jpg,Star
data/Classify/Star\star (64).jpg,Star
data/Classify/Star\star (65).jpg,Star
data/Classify/Star\star (66).jpg,Star
data/Classify/Star\star (67).jpg,Star
data/Classify/Star\star (68).jpg,Star
data/Classify/Star\star (69).jpg,Star
data/Classify/Star\star (7).jpg,Star
data/Classify/Star\star (70).jpg,Star
data/Classify/Star\star (71).jpg,Star
data/Classify/Star\star (72).jpg,Star
data/Classify/Star\star (73).jpg,Star
data/Classify/Star\star (74).jpg,Star
data/Classify/Star\star (75).jpg,Star
data/Classify/Star\star (76).jpg,Star
data/Classify/Star\star (77).jpg,Star
data/Classify/Star\star (78).jpg,Star
data/Classify/Star\star (79).jpg,Star
data/Classify/Star\star (8).jpg,Star
data/Classify/Star\star (80).jpg,Star
data/Classify/Star\star (81).jpg,Star
data/Classify/Star\star (82).jpg,Star
data/Classify/Star\star (83).jpg,Star
data/Classify/Star\star (84).jpg,Star
data/Classify/Star\star (85).jpg,Star
data/Classify/Star\star (86).jpg,Star
data/Classify/Star\star (87).jpg,Star
data/Classify/Star\star (88).jpg,Star
data/Classify/Star\star (89).jpg,Star
data/Classify/Star\star (9).jpg,Star
data/Classify/Star\star (90).jpg,Star
data/Classify/Star\star (91).jpg,Star
data/Classify/Star\star (92).jpg,Star
data/Classify/Star\star (93).jpg,Star
